Age,Attrition,BusinessTravel,DailyRate,Department,DistanceFromHome,Education,EducationField,EmployeeCount,EmployeeNumber,EnvironmentSatisfaction,Gender,HourlyRate,JobInvolvement,JobLevel,JobRole,JobSatisfaction,MaritalStatus,MonthlyIncome,MonthlyRate,NumCompaniesWorked,Over18,OverTime,PercentSalaryHike,PerformanceRating,RelationshipSatisfaction,StandardHours,StockOptionLevel,TotalWorkingYears,TrainingTimesLastYear,WorkLifeBalance,YearsAtCompany,YearsInCurrentRole,YearsSinceLastPromotion,YearsWithCurrManager
37,Yes,Travel_Rarely,1373,Research & Development,2,2,Other,1,4,4,Male,92,2,1,Laboratory Technician,3,Single,2090,2396,6,Y,Yes,15,3,2,80,0,7,3,3,0,0,0,0
28,Yes,Travel_Rarely,103,Research & Development,24,3,Life Sciences,1,19,3,Male,50,2,1,Laboratory Technician,3,Single,2028,12947,5,Y,Yes,14,3,2,80,0,6,4,3,4,2,0,3
36,Yes,Travel_Rarely,1218,Sales,9,4,Life Sciences,1,27,3,Male,82,2,1,Sales Representative,1,Single,3407,6986,7,Y,No,23,4,2,80,0,10,4,3,5,3,0,3
34,Yes,Travel_Rarely,699,Research & Development,6,1,Medical,1,31,2,Male,83,3,1,Research Scientist,1,Single,2960,17102,2,Y,No,11,3,3,80,0,8,2,3,4,2,1,3
39,Yes,Travel_Rarely,895,Sales,5,3,Technical Degree,1,42,4,Male,56,3,2,Sales Representative,4,Married,2086,3335,3,Y,No,14,3,3,80,1,19,6,4,1,0,0,0
24,Yes,Travel_Rarely,813,Research & Development,1,3,Medical,1,45,2,Male,61,3,1,Research Scientist,4,Married,2293,3020,2,Y,Yes,16,3,1,80,1,6,2,2,2,0,2,0
50,Yes,Travel_Rarely,869,Sales,3,2,Marketing,1,47,1,Male,86,2,1,Sales Representative,3,Married,2683,3810,1,Y,Yes,14,3,3,80,0,3,2,3,3,2,0,2
26,Yes,Travel_Rarely,1357,Research & Development,25,3,Life Sciences,1,55,1,Male,48,1,1,Laboratory Technician,3,Single,2293,10558,1,Y,No,12,3,3,80,0,1,2,2,1,0,0,1
48,Yes,Travel_Rarely,626,Research & Development,1,2,Life Sciences,1,64,1,Male,98,2,3,Laboratory Technician,3,Single,5381,19294,9,Y,Yes,13,3,4,80,0,23,2,3,1,0,0,0
28,Yes,Travel_Rarely,1434,Research & Development,5,4,Technical Degree,1,65,3,Male,50,3,1,Laboratory Technician,3,Single,3441,11179,1,Y,Yes,13,3,3,80,0,2,3,2,2,2,2,2
36,Yes,Travel_Rarely,318,Research & Development,9,3,Medical,1,90,4,Male,79,2,1,Research Scientist,3,Married,3388,21777,0,Y,Yes,17,3,1,80,1,2,0,2,1,0,0,0
46,Yes,Travel_Rarely,669,Sales,9,2,Medical,1,118,3,Male,64,2,3,Sales Executive,4,Single,9619,13596,1,Y,No,16,3,4,80,0,9,3,3,9,8,4,7
37,Yes,Travel_Rarely,807,Human Resources,6,4,Human Resources,1,133,3,Male,63,3,1,Human Resources,1,Divorced,2073,23648,4,Y,Yes,22,4,4,80,0,7,3,3,3,2,0,2
25,Yes,Travel_Rarely,240,Sales,5,3,Marketing,1,142,3,Male,46,2,2,Sales Executive,3,Single,5744,26959,1,Y,Yes,11,3,4,80,0,6,1,3,6,4,0,3
34,Yes,Travel_Frequently,658,Research & Development,7,3,Life Sciences,1,147,1,Male,66,1,2,Laboratory Technician,3,Single,6074,22887,1,Y,Yes,24,4,4,80,0,9,3,3,9,7,0,6
31,Yes,Travel_Rarely,249,Sales,6,4,Life Sciences,1,163,2,Male,76,1,2,Sales Executive,3,Married,6172,20739,4,Y,Yes,18,3,2,80,0,12,3,2,7,7,7,7
19,Yes,Travel_Rarely,528,Sales,22,1,Marketing,1,167,4,Male,50,3,1,Sales Representative,3,Single,1675,26820,1,Y,Yes,19,3,4,80,0,0,2,2,0,0,0,0
51,Yes,Travel_Frequently,1150,Research & Development,8,4,Life Sciences,1,179,1,Male,53,1,3,Manufacturing Director,4,Single,10650,25150,2,Y,No,15,3,4,80,0,18,2,3,4,2,0,3
19,Yes,Travel_Rarely,303,Research & Development,2,3,Life Sciences,1,243,2,Male,47,2,1,Laboratory Technician,4,Single,1102,9241,1,Y,No,22,4,3,80,0,1,3,2,1,0,1,0
35,Yes,Travel_Rarely,556,Research & Development,23,2,Life Sciences,1,261,2,Male,50,2,2,Manufacturing Director,3,Married,5916,15497,3,Y,Yes,13,3,1,80,0,8,1,3,1,0,0,1
38,Yes,Travel_Rarely,1180,Research & Development,29,1,Medical,1,282,2,Male,70,3,2,Healthcare Representative,1,Married,6673,11354,7,Y,Yes,19,3,2,80,0,17,2,3,1,0,0,0
32,Yes,Travel_Rarely,1045,Sales,4,4,Medical,1,291,4,Male,32,1,3,Sales Executive,4,Married,10400,25812,1,Y,No,11,3,3,80,0,14,2,2,14,8,9,8
29,Yes,Travel_Rarely,992,Research & Development,1,3,Technical Degree,1,300,3,Male,85,3,1,Research Scientist,3,Single,2058,19757,0,Y,No,14,3,4,80,0,7,1,2,6,2,1,5
29,Yes,Travel_Rarely,896,Research & Development,18,1,Medical,1,315,3,Male,86,2,1,Research Scientist,4,Single,2389,14961,1,Y,Yes,13,3,3,80,0,4,3,2,4,3,0,1
33,Yes,Travel_Rarely,813,Research & Development,14,3,Medical,1,325,3,Male,58,3,1,Laboratory Technician,4,Married,2436,22149,5,Y,Yes,13,3,3,80,1,8,2,1,5,4,0,4
32,Yes,Travel_Rarely,515,Research & Development,1,3,Life Sciences,1,331,4,Male,62,2,1,Laboratory Technician,3,Single,3730,9571,0,Y,Yes,14,3,4,80,0,4,2,1,3,2,1,2
37,Yes,Travel_Frequently,504,Research & Development,10,3,Medical,1,342,1,Male,61,3,3,Manufacturing Director,3,Divorced,10048,22573,6,Y,No,11,3,2,80,2,17,5,3,1,0,0,0
31,Yes,Travel_Frequently,307,Research & Development,29,2,Medical,1,355,3,Male,71,2,1,Laboratory Technician,2,Single,3479,11652,0,Y,No,11,3,2,80,0,6,2,4,5,4,1,4
28,Yes,Travel_Rarely,529,Research & Development,2,4,Life Sciences,1,364,1,Male,79,3,1,Laboratory Technician,3,Single,3485,14935,2,Y,No,11,3,3,80,0,5,5,1,0,0,0,0
47,Yes,Non-Travel,666,Research & Development,29,4,Life Sciences,1,376,1,Male,88,3,3,Manager,2,Married,11849,10268,1,Y,Yes,12,3,4,80,1,10,2,2,10,7,9,9
44,Yes,Travel_Frequently,920,Research & Development,24,3,Life Sciences,1,392,4,Male,43,3,1,Laboratory Technician,3,Divorced,3161,19920,3,Y,Yes,22,4,4,80,1,19,0,1,1,0,0,0
26,Yes,Travel_Rarely,1449,Research & Development,16,4,Medical,1,394,1,Male,45,3,1,Laboratory Technician,2,Divorced,2373,14180,2,Y,Yes,13,3,4,80,1,5,2,3,3,2,0,2
26,Yes,Travel_Rarely,950,Sales,4,4,Marketing,1,401,4,Male,48,2,2,Sales Executive,4,Single,5828,8450,1,Y,Yes,12,3,2,80,0,8,0,3,8,7,7,4
18,Yes,Travel_Rarely,230,Research & Development,3,3,Life Sciences,1,405,3,Male,54,3,1,Laboratory Technician,3,Single,1420,25233,1,Y,No,13,3,3,80,0,0,2,3,0,0,0,0
52,Yes,Travel_Rarely,723,Research & Development,8,4,Medical,1,433,3,Male,85,2,2,Research Scientist,2,Married,4941,17747,2,Y,No,15,3,1,80,0,11,3,2,8,2,7,7
28,Yes,Travel_Rarely,1157,Research & Development,2,4,Medical,1,440,1,Male,84,1,1,Research Scientist,4,Married,3464,24737,5,Y,Yes,13,3,4,80,0,5,4,2,3,2,2,2
29,Yes,Travel_Rarely,318,Research & Development,8,4,Other,1,454,2,Male,77,1,1,Laboratory Technician,1,Married,2119,4759,1,Y,Yes,11,3,4,80,0,7,4,2,7,7,0,7
41,Yes,Travel_Frequently,143,Sales,4,3,Marketing,1,488,1,Male,56,3,2,Sales Executive,2,Single,9355,9558,1,Y,No,18,3,3,80,0,8,5,3,8,7,7,7
40,Yes,Travel_Rarely,575,Sales,22,2,Marketing,1,492,3,Male,68,2,2,Sales Executive,3,Married,6380,6110,2,Y,Yes,12,3,1,80,2,8,6,3,6,4,1,0
34,Yes,Non-Travel,1362,Sales,19,3,Marketing,1,502,1,Male,67,4,2,Sales Executive,4,Single,5304,4652,8,Y,Yes,13,3,2,80,0,9,3,2,5,2,0,4
26,Yes,Travel_Frequently,575,Research & Development,3,1,Technical Degree,1,510,3,Male,73,3,1,Research Scientist,1,Single,3102,6582,0,Y,No,22,4,3,80,0,7,2,3,6,4,0,4
30,Yes,Travel_Frequently,464,Research & Development,4,3,Technical Degree,1,514,3,Male,40,3,1,Research Scientist,4,Single,2285,3427,9,Y,Yes,23,4,3,80,0,3,4,3,1,0,0,0
25,Yes,Travel_Rarely,688,Research & Development,3,3,Medical,1,538,1,Male,91,3,1,Laboratory Technician,1,Married,4031,9396,5,Y,No,13,3,3,80,1,6,5,3,2,2,0,2
19,Yes,Travel_Rarely,489,Human Resources,2,2,Technical Degree,1,566,1,Male,52,2,1,Human Resources,4,Single,2564,18437,1,Y,No,12,3,3,80,0,1,3,4,1,0,0,0
33,Yes,Travel_Rarely,1277,Research & Development,15,1,Medical,1,582,2,Male,56,3,3,Manager,3,Married,13610,24619,7,Y,Yes,12,3,4,80,0,15,2,4,7,6,7,7
33,Yes,Travel_Rarely,587,Research & Development,10,1,Medical,1,584,1,Male,38,1,1,Laboratory Technician,4,Divorced,3408,6705,7,Y,No,13,3,1,80,3,8,2,3,4,3,1,3
31,Yes,Travel_Frequently,534,Research & Development,20,3,Life Sciences,1,587,1,Male,66,3,3,Healthcare Representative,3,Married,9824,22908,3,Y,No,12,3,1,80,0,12,2,3,1,0,0,0
22,Yes,Travel_Frequently,1368,Research & Development,4,1,Technical Degree,1,593,3,Male,99,2,1,Laboratory Technician,3,Single,3894,9129,5,Y,No,16,3,3,80,0,4,3,3,2,2,1,2
18,Yes,Travel_Frequently,1306,Sales,5,3,Marketing,1,614,2,Male,69,3,1,Sales Representative,2,Single,1878,8059,1,Y,Yes,14,3,4,80,0,0,3,3,0,0,0,0
26,Yes,Travel_Rarely,471,Research & Development,24,3,Technical Degree,1,622,3,Male,66,1,1,Laboratory Technician,4,Single,2340,23213,1,Y,Yes,18,3,2,80,0,1,3,1,1,0,0,0
32,Yes,Non-Travel,1474,Sales,11,4,Other,1,631,4,Male,60,4,2,Sales Executive,3,Married,4707,23914,8,Y,No,12,3,4,80,0,6,2,3,4,2,1,2
30,Yes,Travel_Frequently,448,Sales,12,4,Life Sciences,1,648,2,Male,74,2,1,Sales Representative,1,Married,2033,14470,1,Y,No,18,3,3,80,1,1,2,4,1,0,0,0
31,Yes,Travel_Rarely,1365,Sales,13,4,Medical,1,650,2,Male,46,3,2,Sales Executive,1,Divorced,4233,11512,2,Y,No,17,3,3,80,0,9,2,1,3,1,1,2
27,Yes,Travel_Rarely,1420,Sales,2,1,Marketing,1,667,3,Male,85,3,1,Sales Representative,1,Divorced,3041,16346,0,Y,No,11,3,2,80,1,5,3,3,4,3,0,2
20,Yes,Travel_Rarely,1362,Research & Development,10,1,Medical,1,701,4,Male,32,3,1,Research Scientist,3,Single,1009,26999,1,Y,Yes,11,3,4,80,0,1,5,3,1,0,1,1
33,Yes,Travel_Frequently,1076,Research & Development,3,3,Life Sciences,1,702,1,Male,70,3,1,Research Scientist,1,Single,3348,3164,1,Y,Yes,11,3,1,80,0,10,3,3,10,8,9,7
50,Yes,Travel_Frequently,562,Sales,8,2,Technical Degree,1,723,2,Male,50,3,2,Sales Executive,3,Married,6796,23452,3,Y,Yes,14,3,1,80,1,18,4,3,4,3,1,3
42,Yes,Travel_Frequently,933,Research & Development,19,3,Medical,1,752,3,Male,57,4,1,Research Scientist,3,Divorced,2759,20366,6,Y,Yes,12,3,4,80,0,7,2,3,2,2,2,2
33,Yes,Travel_Rarely,527,Research & Development,1,4,Other,1,780,4,Male,63,3,1,Research Scientist,4,Single,2686,5207,1,Y,Yes,13,3,3,80,0,10,2,2,10,9,7,8
55,Yes,Travel_Rarely,725,Research & Development,2,3,Medical,1,787,4,Male,78,3,5,Manager,1,Married,19859,21199,5,Y,Yes,13,3,4,80,1,24,2,3,5,2,1,4
26,Yes,Travel_Rarely,1146,Sales,8,3,Technical Degree,1,796,4,Male,38,2,2,Sales Executive,1,Single,5326,3064,6,Y,No,17,3,3,80,0,6,2,2,4,3,1,2
23,Yes,Travel_Rarely,1243,Research & Development,6,3,Life Sciences,1,811,3,Male,63,4,1,Laboratory Technician,1,Married,1601,3445,1,Y,Yes,21,4,3,80,2,1,2,3,0,0,0,0
58,Yes,Travel_Rarely,286,Research & Development,2,4,Life Sciences,1,825,4,Male,31,3,5,Research Director,2,Single,19246,25761,7,Y,Yes,12,3,4,80,0,40,2,3,31,15,13,8
28,Yes,Travel_Rarely,890,Research & Development,2,4,Medical,1,828,3,Male,46,3,1,Research Scientist,3,Single,4382,16374,6,Y,No,17,3,4,80,0,5,3,2,2,2,2,1
55,Yes,Travel_Rarely,436,Sales,2,1,Medical,1,842,3,Male,37,3,2,Sales Executive,4,Single,5160,21519,4,Y,No,16,3,3,80,0,12,3,2,9,7,7,3
32,Yes,Travel_Rarely,374,Research & Development,25,4,Life Sciences,1,911,1,Male,87,3,1,Laboratory Technician,4,Single,2795,18016,1,Y,Yes,24,4,3,80,0,1,2,1,1,0,0,1
58,Yes,Travel_Frequently,781,Research & Development,2,1,Life Sciences,1,918,4,Male,57,2,1,Laboratory Technician,4,Divorced,2380,13384,9,Y,Yes,14,3,4,80,1,3,3,2,1,0,0,0
39,Yes,Travel_Rarely,1122,Research & Development,6,3,Medical,1,932,4,Male,70,3,1,Laboratory Technician,1,Married,2404,4303,7,Y,Yes,21,4,4,80,0,8,2,1,2,2,2,2
25,Yes,Travel_Rarely,867,Sales,19,2,Marketing,1,952,3,Male,36,2,1,Sales Representative,2,Married,2413,18798,1,Y,Yes,18,3,3,80,3,1,2,3,1,0,0,0
19,Yes,Travel_Rarely,419,Sales,21,3,Other,1,959,4,Male,37,2,1,Sales Representative,2,Single,2121,9947,1,Y,Yes,13,3,2,80,0,1,3,4,1,0,0,0
20,Yes,Travel_Rarely,129,Research & Development,4,3,Technical Degree,1,960,1,Male,84,3,1,Laboratory Technician,1,Single,2973,13008,1,Y,No,19,3,2,80,0,1,2,3,1,0,0,0
36,Yes,Travel_Rarely,530,Sales,3,1,Life Sciences,1,967,3,Male,51,2,3,Sales Executive,4,Married,10325,5518,1,Y,Yes,11,3,1,80,1,16,6,3,16,7,3,7
37,Yes,Travel_Rarely,625,Sales,1,4,Life Sciences,1,970,1,Male,46,2,3,Sales Executive,3,Married,10609,14922,5,Y,No,11,3,3,80,0,17,2,1,14,1,11,7
58,Yes,Travel_Rarely,289,Research & Development,2,3,Technical Degree,1,977,4,Male,51,3,1,Research Scientist,3,Single,2479,26227,4,Y,No,24,4,1,80,0,7,4,3,1,0,0,0
31,Yes,Non-Travel,335,Research & Development,9,2,Medical,1,991,3,Male,46,2,1,Research Scientist,1,Single,2321,10322,0,Y,Yes,22,4,1,80,0,4,0,3,3,2,1,2
35,Yes,Travel_Rarely,622,Research & Development,14,4,Other,1,1010,3,Male,39,2,1,Laboratory Technician,2,Divorced,3743,10074,1,Y,Yes,24,4,4,80,1,5,2,1,4,2,0,2
26,Yes,Non-Travel,265,Sales,29,2,Medical,1,1037,2,Male,79,1,2,Sales Executive,1,Single,4969,21813,8,Y,No,18,3,4,80,0,7,6,3,2,2,2,2
36,Yes,Travel_Rarely,660,Research & Development,15,3,Other,1,1052,1,Male,81,3,2,Laboratory Technician,3,Divorced,4834,7858,7,Y,No,14,3,2,80,1,9,3,2,1,0,0,0
26,Yes,Travel_Frequently,342,Research & Development,2,3,Life Sciences,1,1053,1,Male,57,3,1,Research Scientist,1,Married,2042,15346,6,Y,Yes,14,3,2,80,1,6,2,3,3,2,1,2
51,Yes,Travel_Rarely,1323,Research & Development,4,4,Life Sciences,1,1081,1,Male,34,3,1,Research Scientist,3,Married,2461,10332,9,Y,Yes,12,3,3,80,3,18,2,4,10,0,2,7
28,Yes,Non-Travel,1366,Research & Development,24,2,Technical Degree,1,1082,2,Male,72,2,3,Healthcare Representative,1,Single,8722,12355,1,Y,No,12,3,1,80,0,10,2,2,10,7,1,9
44,Yes,Travel_Rarely,1376,Human Resources,1,2,Medical,1,1098,2,Male,91,2,3,Human Resources,1,Married,10482,2326,9,Y,No,14,3,4,80,1,24,1,3,20,6,3,6
35,Yes,Travel_Rarely,1204,Sales,4,3,Technical Degree,1,1100,4,Male,86,3,3,Sales Executive,1,Single,9582,10333,0,Y,Yes,22,4,1,80,0,9,2,3,8,7,4,7
25,Yes,Travel_Rarely,1219,Research & Development,4,1,Technical Degree,1,1106,4,Male,32,3,1,Laboratory Technician,4,Married,3691,4605,1,Y,Yes,15,3,2,80,1,7,3,4,7,7,5,6
26,Yes,Travel_Rarely,1330,Research & Development,21,3,Medical,1,1107,1,Male,37,3,1,Laboratory Technician,3,Divorced,2377,19373,1,Y,No,20,4,3,80,1,1,0,2,1,1,0,0
33,Yes,Travel_Rarely,1017,Research & Development,25,3,Medical,1,1108,1,Male,55,2,1,Research Scientist,2,Single,2313,2993,4,Y,Yes,20,4,2,80,0,5,0,3,2,2,2,2
28,Yes,Travel_Frequently,1009,Research & Development,1,3,Medical,1,1111,1,Male,45,2,1,Laboratory Technician,2,Divorced,2596,7160,1,Y,No,15,3,1,80,2,1,2,3,1,0,0,0
50,Yes,Travel_Frequently,959,Sales,1,4,Other,1,1113,4,Male,81,3,2,Sales Executive,3,Single,4728,17251,3,Y,Yes,14,3,4,80,0,5,4,3,0,0,0,0
39,Yes,Travel_Frequently,203,Research & Development,2,3,Life Sciences,1,1127,1,Male,84,3,4,Healthcare Representative,4,Divorced,12169,13547,7,Y,No,11,3,4,80,3,21,4,3,18,7,11,5
18,Yes,Non-Travel,247,Research & Development,8,1,Medical,1,1156,3,Male,80,3,1,Laboratory Technician,3,Single,1904,13556,1,Y,No,12,3,4,80,0,0,0,3,0,0,0,0
31,Yes,Travel_Frequently,874,Research & Development,15,3,Medical,1,1160,3,Male,72,3,1,Laboratory Technician,3,Married,2610,6233,1,Y,No,12,3,3,80,1,2,5,2,2,2,2,2
42,Yes,Travel_Frequently,481,Sales,12,3,Life Sciences,1,1167,3,Male,44,3,4,Sales Executive,1,Single,13758,2447,0,Y,Yes,12,3,2,80,0,22,2,2,21,9,13,14
44,Yes,Travel_Rarely,1097,Research & Development,10,4,Life Sciences,1,1200,3,Male,96,3,1,Research Scientist,3,Single,2936,10826,1,Y,Yes,11,3,3,80,0,6,4,3,6,4,0,2
22,Yes,Travel_Frequently,1256,Research & Development,3,4,Life Sciences,1,1203,3,Male,48,2,1,Research Scientist,4,Married,2853,4223,0,Y,Yes,11,3,2,80,1,1,5,3,0,0,0,0
41,Yes,Non-Travel,906,Research & Development,5,2,Life Sciences,1,1210,1,Male,95,2,1,Research Scientist,1,Divorced,2107,20293,6,Y,No,17,3,1,80,1,5,2,1,1,0,0,0
25,Yes,Travel_Frequently,599,Sales,24,1,Life Sciences,1,1273,3,Male,73,1,1,Sales Representative,4,Single,1118,8040,1,Y,Yes,14,3,4,80,0,1,4,3,1,0,1,0
32,Yes,Travel_Rarely,1089,Research & Development,7,2,Life Sciences,1,1309,4,Male,79,3,2,Laboratory Technician,3,Married,4883,22845,1,Y,No,18,3,1,80,1,10,3,3,10,4,1,1
39,Yes,Travel_Rarely,360,Research & Development,23,3,Medical,1,1310,3,Male,93,3,1,Research Scientist,1,Single,3904,22154,0,Y,No,13,3,1,80,0,6,2,3,5,2,0,3
40,Yes,Travel_Rarely,299,Sales,25,4,Marketing,1,1318,4,Male,57,2,3,Sales Executive,2,Single,9094,17235,2,Y,Yes,12,3,3,80,0,9,2,3,5,4,1,0
52,Yes,Travel_Rarely,1030,Sales,5,3,Life Sciences,1,1319,2,Male,64,3,3,Sales Executive,2,Single,8446,21534,9,Y,Yes,19,3,3,80,0,10,2,2,8,7,7,7
44,Yes,Travel_Rarely,935,Research & Development,3,3,Life Sciences,1,1333,1,Male,89,3,1,Laboratory Technician,1,Married,2362,14669,4,Y,No,12,3,3,80,0,10,4,4,3,2,1,2
55,Yes,Travel_Rarely,267,Sales,13,4,Marketing,1,1372,1,Male,85,4,4,Sales Executive,3,Single,13695,9277,6,Y,Yes,17,3,3,80,0,24,2,2,19,7,3,8
31,Yes,Travel_Rarely,330,Research & Development,22,4,Medical,1,1389,4,Male,98,3,2,Manufacturing Director,3,Married,6179,21057,1,Y,Yes,15,3,4,80,2,10,3,2,10,2,6,7
49,Yes,Travel_Frequently,1475,Research & Development,28,2,Life Sciences,1,1420,1,Male,97,2,2,Laboratory Technician,1,Single,4284,22710,3,Y,No,20,4,1,80,0,20,2,3,4,3,1,3
25,Yes,Travel_Rarely,383,Sales,9,2,Life Sciences,1,1439,1,Male,68,2,1,Sales Representative,1,Married,4400,15182,3,Y,No,12,3,1,80,0,6,2,3,3,2,2,2
46,Yes,Travel_Rarely,377,Sales,9,3,Marketing,1,1457,1,Male,52,3,3,Sales Executive,4,Divorced,10096,15986,4,Y,No,11,3,1,80,1,28,1,4,7,7,4,3
31,Yes,Travel_Frequently,523,Research & Development,2,3,Life Sciences,1,1464,2,Male,94,3,1,Laboratory Technician,4,Married,3722,21081,6,Y,Yes,13,3,3,80,1,7,2,1,2,2,2,2
28,Yes,Travel_Frequently,1496,Sales,1,3,Technical Degree,1,1486,1,Male,92,3,1,Sales Representative,3,Married,2909,15747,3,Y,No,15,3,4,80,1,5,3,4,3,2,1,2
24,Yes,Travel_Frequently,381,Research & Development,9,3,Medical,1,1494,2,Male,89,3,1,Laboratory Technician,1,Single,3172,16998,2,Y,Yes,11,3,3,80,0,4,2,2,0,0,0,0
28,Yes,Travel_Frequently,289,Research & Development,2,2,Medical,1,1504,3,Male,38,2,1,Laboratory Technician,1,Single,2561,5355,7,Y,No,11,3,3,80,0,8,2,2,0,0,0,0
29,Yes,Travel_Rarely,224,Research & Development,1,4,Technical Degree,1,1522,1,Male,100,2,1,Research Scientist,1,Single,2362,7568,6,Y,No,13,3,3,80,0,11,2,1,9,7,0,7
40,Yes,Travel_Rarely,676,Research & Development,9,4,Life Sciences,1,1534,4,Male,86,3,1,Laboratory Technician,1,Single,2018,21831,3,Y,No,14,3,2,80,0,15,3,1,5,4,1,0
30,Yes,Travel_Rarely,740,Sales,1,3,Life Sciences,1,1562,2,Male,64,2,2,Sales Executive,1,Married,9714,5323,1,Y,No,11,3,4,80,1,10,4,3,10,8,6,7
38,Yes,Travel_Rarely,903,Research & Development,2,3,Medical,1,1573,3,Male,81,3,2,Manufacturing Director,2,Married,4855,7653,4,Y,No,11,3,1,80,2,7,2,3,5,2,1,4
28,Yes,Travel_Rarely,329,Research & Development,24,3,Medical,1,1604,3,Male,51,3,1,Laboratory Technician,2,Married,2408,7324,1,Y,Yes,17,3,3,80,3,1,3,3,1,1,0,0
35,Yes,Travel_Rarely,737,Sales,10,3,Medical,1,1639,4,Male,55,2,3,Sales Executive,1,Married,10306,21530,9,Y,No,17,3,3,80,0,15,3,3,13,12,6,0
35,Yes,Travel_Rarely,763,Sales,15,2,Medical,1,1645,1,Male,59,1,2,Sales Executive,4,Divorced,5440,22098,6,Y,Yes,14,3,4,80,2,7,2,2,2,2,2,2
40,Yes,Travel_Rarely,1329,Research & Development,7,3,Life Sciences,1,1649,1,Male,73,3,1,Laboratory Technician,1,Single,2166,3339,3,Y,Yes,14,3,2,80,0,10,3,1,4,2,0,3
35,Yes,Travel_Frequently,880,Sales,12,4,Other,1,1667,4,Male,36,3,2,Sales Executive,4,Single,4581,10414,3,Y,Yes,24,4,1,80,0,13,2,4,11,9,6,7
23,Yes,Travel_Rarely,1320,Research & Development,8,1,Medical,1,1684,4,Male,93,2,1,Laboratory Technician,3,Single,3989,20586,1,Y,Yes,11,3,1,80,0,5,2,3,5,4,1,2
32,Yes,Travel_Rarely,1259,Research & Development,2,4,Life Sciences,1,1692,4,Male,95,3,1,Laboratory Technician,2,Single,1393,24852,1,Y,No,12,3,1,80,0,1,2,3,1,0,0,0
23,Yes,Travel_Rarely,427,Sales,7,3,Life Sciences,1,1702,3,Male,99,3,1,Sales Representative,4,Divorced,2275,25103,1,Y,Yes,21,4,2,80,1,3,2,3,3,2,0,2
24,Yes,Travel_Rarely,240,Human Resources,22,1,Human Resources,1,1714,4,Male,58,1,1,Human Resources,3,Married,1555,11585,1,Y,No,11,3,3,80,1,1,2,3,1,0,0,0
47,Yes,Travel_Frequently,1093,Sales,9,3,Life Sciences,1,1716,3,Male,82,1,4,Sales Executive,3,Married,12936,24164,7,Y,No,11,3,3,80,0,25,3,1,23,5,14,10
36,Yes,Travel_Rarely,1456,Sales,13,5,Marketing,1,1733,2,Male,96,2,2,Sales Executive,1,Divorced,6134,8658,5,Y,Yes,13,3,2,80,3,16,3,3,2,2,2,2
32,Yes,Travel_Rarely,964,Sales,1,2,Life Sciences,1,1734,1,Male,34,1,2,Sales Executive,2,Single,6735,12147,6,Y,No,15,3,2,80,0,10,2,3,0,0,0,0
31,Yes,Travel_Rarely,1079,Sales,16,4,Marketing,1,1761,1,Male,70,3,3,Sales Executive,3,Married,8161,19002,2,Y,No,13,3,1,80,3,10,2,3,1,0,0,0
43,Yes,Travel_Frequently,807,Research & Development,17,3,Technical Degree,1,1767,3,Male,38,2,1,Research Scientist,3,Married,2437,15587,9,Y,Yes,16,3,4,80,1,6,4,3,1,0,0,0
21,Yes,Travel_Rarely,337,Sales,7,1,Marketing,1,1780,2,Male,31,3,1,Sales Representative,2,Single,2679,4567,1,Y,No,13,3,2,80,0,1,3,3,1,0,1,0
44,Yes,Travel_Frequently,429,Research & Development,1,2,Medical,1,1792,3,Male,99,3,1,Research Scientist,2,Divorced,2342,11092,1,Y,Yes,12,3,3,80,3,6,2,2,5,3,2,3
35,Yes,Travel_Rarely,303,Sales,27,3,Life Sciences,1,1797,3,Male,84,3,2,Sales Executive,4,Single,5813,13492,1,Y,Yes,18,3,4,80,0,10,2,3,10,7,7,7
34,Yes,Travel_Frequently,234,Research & Development,9,4,Life Sciences,1,1807,4,Male,93,3,2,Laboratory Technician,1,Married,5346,6208,4,Y,No,17,3,3,80,1,11,3,2,7,1,0,7
37,Yes,Travel_Rarely,370,Research & Development,10,4,Medical,1,1809,4,Male,58,3,2,Manufacturing Director,1,Single,4213,4992,1,Y,No,15,3,2,80,0,10,4,1,10,3,0,8
31,Yes,Travel_Rarely,359,Human Resources,18,5,Human Resources,1,1842,4,Male,89,4,1,Human Resources,1,Married,2956,21495,0,Y,No,17,3,3,80,0,2,4,3,1,0,0,0
29,Yes,Travel_Rarely,350,Human Resources,13,3,Human Resources,1,1844,1,Male,56,2,1,Human Resources,1,Divorced,2335,3157,4,Y,Yes,15,3,4,80,3,4,3,3,2,2,2,0
32,Yes,Travel_Rarely,414,Sales,2,4,Marketing,1,1862,3,Male,82,2,2,Sales Executive,2,Single,9907,26186,7,Y,Yes,12,3,3,80,0,7,3,2,2,2,2,2
29,Yes,Travel_Frequently,459,Research & Development,24,2,Life Sciences,1,1868,4,Male,73,2,1,Research Scientist,4,Single,2439,14753,1,Y,Yes,24,4,2,80,0,1,3,2,1,0,1,0
30,Yes,Travel_Rarely,945,Sales,9,3,Medical,1,1876,2,Male,89,3,1,Sales Representative,4,Single,1081,16019,1,Y,No,13,3,3,80,0,1,3,2,1,0,0,0
22,Yes,Travel_Rarely,391,Research & Development,7,1,Life Sciences,1,1878,4,Male,75,3,1,Research Scientist,2,Single,2472,26092,1,Y,Yes,23,4,1,80,0,1,2,3,1,0,0,0
34,Yes,Non-Travel,967,Research & Development,16,4,Technical Degree,1,1905,4,Male,85,1,1,Research Scientist,1,Married,2307,14460,1,Y,Yes,23,4,2,80,1,5,2,3,5,2,3,0
56,Yes,Travel_Rarely,1162,Research & Development,24,2,Life Sciences,1,1907,1,Male,97,3,1,Laboratory Technician,4,Single,2587,10261,1,Y,No,16,3,4,80,0,5,3,3,4,2,1,0
29,Yes,Travel_Frequently,746,Sales,24,3,Technical Degree,1,1928,3,Male,45,4,1,Sales Representative,1,Single,1091,10642,1,Y,No,17,3,4,80,0,1,3,3,1,0,0,0
28,Yes,Travel_Rarely,1404,Research & Development,17,3,Technical Degree,1,1960,3,Male,32,2,1,Laboratory Technician,4,Divorced,2367,18779,5,Y,No,12,3,1,80,1,6,2,2,4,1,0,3
31,Yes,Travel_Frequently,754,Sales,26,4,Marketing,1,1967,1,Male,63,3,2,Sales Executive,4,Married,5617,21075,1,Y,Yes,11,3,3,80,0,10,4,3,10,7,0,8
53,Yes,Travel_Rarely,1168,Sales,24,4,Life Sciences,1,1968,1,Male,66,3,3,Sales Executive,1,Single,10448,5843,6,Y,Yes,13,3,2,80,0,15,2,2,2,2,2,2
23,Yes,Travel_Frequently,638,Sales,9,3,Marketing,1,2023,4,Male,33,3,1,Sales Representative,1,Married,1790,26956,1,Y,No,19,3,1,80,1,1,3,2,1,0,1,0
29,Yes,Travel_Rarely,1092,Research & Development,1,4,Medical,1,2027,1,Male,36,3,1,Research Scientist,4,Married,4787,26124,9,Y,Yes,14,3,2,80,3,4,3,4,2,2,2,2
56,Yes,Travel_Rarely,310,Research & Development,7,2,Technical Degree,1,2032,4,Male,72,3,1,Laboratory Technician,3,Married,2339,3666,8,Y,No,11,3,4,80,1,14,4,1,10,9,9,8
50,Yes,Travel_Frequently,878,Sales,1,4,Life Sciences,1,2044,2,Male,94,3,2,Sales Executive,3,Divorced,6728,14255,7,Y,No,12,3,4,80,2,12,3,3,6,3,0,1
50,Yes,Travel_Rarely,410,Sales,28,3,Marketing,1,2055,4,Male,39,2,3,Sales Executive,1,Divorced,10854,16586,4,Y,Yes,13,3,2,80,1,20,3,3,3,2,2,0
